<?xml version="1.0" encoding="utf-8"?>
<div>
    <p><strong>Ajax</strong> (also known as <strong>AJAX</strong>), shorthand for "<a href="http://en.wikipedia.org/wiki/Asynchrony" title="Asynchrony">Asynchronous</a> <a href="http://en.wikipedia.org/wiki/JavaScript" title="JavaScript">JavaScript</a> and <a href="http://en.wikipedia.org/wiki/XML" title="XML">XML</a>", is a <a href="http://en.wikipedia.org/wiki/Web_development" title="Web development">development</a> technique for creating interactive <a href="http://en.wikipedia.org/wiki/Web_application" title="Web application">web applications</a>. The intent is to make web pages feel more responsive by exchanging small amounts of data with the server behind the scenes, so that the entire web page does not have to be reloaded each time the user requests a change. This is intended to increase the web page's interactivity, speed, and <a href="http://en.wikipedia.org/wiki/Usability" title="Usability">usability</a>.</p>
    <p>Source: <a href="http://www.wikipedia.org">Wikipedia.org</a></p>
</div>