<?xml version="1.0" encoding="utf-8"?>
<div>
    <p>The Ajax technique uses a combination of:</p>
    <ul>
        <li><a href="http://en.wikipedia.org/wiki/XHTML" title="XHTML">XHTML</a> (or <a href="http://en.wikipedia.org/wiki/HTML" title="HTML">HTML</a>) and <a href="http://en.wikipedia.org/wiki/Cascading_Style_Sheets" title="Cascading Style Sheets">CSS</a>, for marking up and styling information.</li>
        <li>The <a href="http://en.wikipedia.org/wiki/Document_Object_Model" title="Document Object Model">DOM</a> accessed with a <a href="http://en.wikipedia.org/wiki/Client-side" title="Client-side">client-side</a> <a href="http://en.wikipedia.org/wiki/Scripting_language" title="Scripting language">scripting language</a>, especially <a href="http://en.wikipedia.org/wiki/ECMAScript" title="ECMAScript">ECMAScript</a> <a href="http://en.wikipedia.org/wiki/Implementation" title="Implementation">implementations</a> such as <a href="http://en.wikipedia.org/wiki/JavaScript" title="JavaScript">JavaScript</a> and <a href="http://en.wikipedia.org/wiki/JScript" title="JScript">JScript</a>, to dynamically display and interact with the information presented.</li>
        <li>The <a href="http://en.wikipedia.org/wiki/XMLHttpRequest" title="XMLHttpRequest">XMLHttpRequest</a> object is used to exchange data asynchronously with the web server. In some <a href="http://en.wikipedia.org/wiki/Ajax_framework" title="Ajax framework">Ajax frameworks</a> and in certain situations, an <a href="http://en.wikipedia.org/wiki/IFrame" title="IFrame">IFrame</a> object is used instead of the XMLHttpRequest object to exchange data with the web server, and in other implementations, dynamically added &lt;<a href="http://en.wikipedia.org/wiki/Client-side_JavaScript" title="Client-side JavaScript">script</a>&gt; tags may be used.</li>
        <li>XML is sometimes used as the <a href="http://en.wikipedia.org/wiki/File_format" title="File format">format</a> for transferring data between the server and client, although any format will work, including preformatted HTML, plain text, <a href="http://en.wikipedia.org/wiki/JavaScript_Object_Notation" title="JavaScript Object Notation">JSON</a> and even <a href="http://en.wikipedia.org/wiki/Extensible_Binary_Meta_Language" title="Extensible Binary Meta Language">EBML</a>. These files may be created dynamically by some form of <a href="http://en.wikipedia.org/wiki/Server-side_scripting" title="Server-side scripting">server-side scripting</a>.</li>
    </ul>
    <p>Source: <a href="http://www.wikipedia.org">Wikipedia.org</a></p>
</div>