<?xml version="1.0" encoding="utf-8"?>
<div>
    <ul>
        <li><a href="#" onclick="SWFAddress.setValue('/portfolio/1/'); return false;">/ 1</a></li>
        <li><a href="#" onclick="SWFAddress.setValue('/portfolio/2/'); return false;">/ 2</a></li>
        <li><a href="#" onclick="SWFAddress.setValue('/portfolio/3/'); return false;">/ 3</a></li>
    </ul>
    <p>
        Fusce at ipsum vel diam ullamcorper convallis. Morbi aliquet cursus 
        lacus. Nunc nisi ligula, accumsan sit amet, condimentum nec, 
        ullamcorper a, lectus. Vestibulum ut lectus. Ut rutrum mi nec 
        lectus. Morbi quis nibh. Pellentesque congue, lorem quis porta 
        tincidunt, tellus tortor venenatis leo, vel porttitor massa massa 
        nec dui. In interdum euismod magna. In hac habitasse platea 
        dictumst. Donec erat. Donec nunc ipsum, lobortis ac, feugiat sit 
        amet, vehicula et, tellus. Donec in lacus ac metus condimentum 
        gravida. Duis vehicula. In a neque in purus hendrerit molestie. 
        Pellentesque habitant morbi tristique senectus et netus et malesuada 
        fames ac turpis egestas.
    </p>
</div>